Handle,followers
girlfrensNFT,2399
DapperDolphins,2336
dogs_mutant,190
The_URS_,624
lostlynxsociety,4069
secretdeednft,8572
LPoject,103
DOMOSOL_NFT,289
GGGorillaNFT,313
Solpixelpickles,141
milspecnfts,794
AutoSolNFT,156
WoollyGuys,1483
Trex_Club,6935
solomonsnft,956
ALPHA_RONINS,27889
SolSequence,10
SolanaBankBox,230
SolKiddo_NFT,1935
WukongSol,945
SolVival_NFT,1437
The_NFPD,321
fancydiamondSOL,1337
DinoSolWorld,713
Nonfungibleart1,12336
1daosol,26849
SadPixelsNFT,1246
SolanaFreeMason,937
DanerobNFT,5294
1IAMNFT,
HiveKeepersNFT,2890
solana_tigers,2127
BabyDinos_NFT,6043
multiversellama,4312
SolarHeroesNFT,6387
ChildOfTheDice,1663
surfKookz,-1
Solana_Bros,-1
Masquarade_nft,-1
FactionsNFT,-1
SolReindeerz,-1
spacerexsquad,-1
SolanaRuntsClub,-1
sscnft,-1
BBSNFT,-1
loafzNFT,-1
afloateco,-1
HipsterHobosNFT,-1
CryptopetsAR,-1
SolSquatchNFT,-1
NFTKidsClub,-1
PhatyPlatysNFT,-1
CryptoClaus_,-1
JuvenileOtters,-1
Hikaric8venture,-1
ZombieAffairNFT,-1
Exoticsart,-1
KingdomDwarves,-1
OutbackOutkasts,-1
diamondsoldogs,-1
SpaceSharksNFT,-1
GhostGuysNFT,-1
TheSolanaEmpire,-1
TheSolScapes,-1
shrimpsocnft,-1
solanafan_nft,-1
blockboys2021,-1
Immortalis_sol,-1
TheSpectralClub,1037
HedgehogMarket,15065
wormsonsol,616
SteelNSpells,2075
PaintureNFT,2190
LucidDreamsol,1479
joe_kangaroo,1833
CopyCatsSOL,485
ernestdisguise,2511
kattycoin,1968
SolanaMHS,110
SolanaOtters,1464
SOLwhals,842
8bitPandas,650
SittingMonkeys,9
home,39104
solidsnft,162
Verse_of_Death,2412
aOriginalSol,12020
littlelizardNFT,2
farmalandnft,1088
DreamVerseNFT,8372
pixel_horse,1735
solclique,895
Sol_Hunters,1508
merkleseeds,8793
OtterOrgNFT,975
Solfia_8888,-1
AirGuitarNFT_,3620
BluechipBaboons,-1
SolgigIo,13
MonkeyKingdom_,-1
ArkaneNFT,1272
SolDoughBravo,28
Skullies6666,121
dinogentsNFTs,-1
HumbleRooBC,3526
Inexplicables_,821
JDMSOLNFT,110
wojakgame,3026
ApesOnDragons,-1
NFTSquidSquad,-1
ChibiCupsNFT,-1
ScrapBotsNFT,-1
SeasonSOLNFT,-1
GeoGangHQ,2340
Eggcentrics,2178
ASTRALAPES,6577
solbatsclub,448
Ghouls_NFT,2011
solvikingsnft,-1
nametaken28,772
goofydracula,5334
NFT_Bunnies,-1
GruesomeGoblins,-1
Hoodiez_NFT,-1
ivorygang,154
MysticGirlsClub,3655
sol_santas_nft,10468
ageofwaifu,162
Sol_Yo_NFT,5703
LegendFrogNFT,1117
SpaceShips_NFT,443
GridlockCrypto,-1
CoGoNuts_SOL,-1
ENCYZOO,-1
solanabeauties,-1
RudeGolems,-1
Nimble_reptiles,-1
TresPablos,-1
SkullSquadNFT,-1
SamuraiVerseNFT,-1
SolanaSeasons,-1
SpartanaNFT,-1
solanastars_nft,-1
Spacebananasnft,-1
TeddyVillage,-1
RoboxSol,-1
thegoaliesnft,-1
Solana_Town,-1
sol_minions,-1
TiexoHQ,-1
FerretFaction,-1
MillennialsNFT,-1
madvikingsnft,-1
GBBvsGA,-1
One_EyeNFT/,-1
Smolanians,-1
ModernMammoths,-1
RoyalBears_,-1
GalaxyPandanft,-1
GroundZeroMS,-1
AlphaBotsNFT,-1
fortunacarclub,-1
Soligators,-1
pastpals,-1
LostCatFC,-1
cruelbunnyclub,-1
TrueCryptonians,-1
solsneksnft,-1
toeMART,-1
SolSantaclaus,-1
420dubesNFT,-1
ZoodiacsNFT,-1
Tough_Dog_Club,-1
CryptoWolvesNFT,-1
RealBagHeads,-1
Tarik_3333_,-1
TheSolbitiezens,-1
BigfootBrigade,-1
solchirps,-1
CyberTreesNFT,-1
solapolygame,-1
Alpha_Gorillas,-1
TigerAcademyNFT,-1
Sol__Bucks,-1
Arttractss,-1
m3ltdown_,-1
SnowmenSociety,-1
BlobbyBlueBalls,-1
Salty_Butlers,-1
CoalitionofArms,-1
TheLads_NFT,-1
BudHeadsNFT,-1
solwitches,-1
solansystem,-1
swans_lab,-1
godsofsolananft,-1
shoeuzinft,-1
solanaFFS,-1
RichHamsters,-1
Moolah_Monkey,-1
